{
    "name": "tree",
    "rate": 1.4,
    "density": 8.3,
    "physical": false,
    "yOffset": -0.015,
    "centerDistanceBounds": {
        "min": 0.21,
        "max": 0.8
    },
    "size": {
        "width": {
            "min": 0.8,
            "max": 1.5
        },
        "height": {
            "min": 8.5,
            "max": 13.5
        }
    },
    "components": [
        {
            "name": "appearance",
            "object": {
                "zIndex": 1
            }
        }
    ]
}