{
	"name": "groundColumns",
	"parentType": true,
	"rate": 1,
	"yOffset": -2,
	"spacingBetweenChildren": [
		0,
		-2.1
	],
	"childCount": 7,
	"childType": {
		"name": "groundRow",
		"parentType": true,
		"rate": 1,
		"spacingBetweenChildren": [
			2.1,
			0
		],
		"childCount": 5,
		"childType": {
			"name": "ground",
			"density": 0,
			"yOffset": -1,
			"size": {
				"width": 2,
				"height": 2
			},
			"components": [
				{
					"name": "appearance"
				},
				{
					"name": "health",
					"value": 3
				}
			]
		}
	}
}
