{
    "name": "hardCloud",
    "rate": 2,
    "density": 0,
    "centerDistanceBounds": {
        "min": 0.21,
        "max": 1
    },
    "yOffset": {
        "min": 20,
        "max": 23
    },
    "size": {
        "width": {
            "min": 8,
            "max": 9
        },
        "height": {
            "min": 1,
            "max": 3
        }
    },
    "components": [
        {
            "name": "appearance",
            "object": {
                "color": "Gainsboro"
            }
        }
    ]
}